{"cameraMode":{"drawMode":0,"name":"Shaded","section":"Shading Mode"},"sceneLighting":false,"audioPlay":false,"sceneViewState":{"m_AlwaysRefresh":false,"showFog":true,"showSkybox":false,"showFlares":true,"showImageEffects":true,"showParticleSystems":true,"showVisualEffectGraphs":true,"m_FxEnabled":true},"in2DMode":false,"pivot":{"x":0.019245833158493043,"y":0.8327680230140686,"z":0.010822147130966187},"rotation":{"x":-0.488459050655365,"y":0.0007934066816233099,"z":-0.00045140302972868085,"w":-0.8726134896278381},"size":1.1586356163024903,"orthographic":false}